,,height,weight,waist_size,age,past_high_blood_pressure,past_diabetes,hypertension_family_history,diabetes_family_history,smoking,weekly_drinking,weekly_moderate_exercise,systolic_blood_pressure,diastolic_blood_pressure,hemoglobin,blood_glucose,total_cholesterol,,,,,,,,family_history,gestational_diabetes,gestational_hypertension
,intercept,키,몸무게,허리둘레,나이,과거고혈압진단,과거당뇨진단,고혈압가족력0없음; 1있음;,당뇨가족력0없음; 1있음;,담배 (1아니오;2예 지금은끊음 ;3예 현재흡연중),주간음주일수,주간중증도운동일수,수축기혈압,이완기혈압,혈색소,혈당,총콜레스테롤,TG,HDL,LDL,creatinine,GOT,GPT,GGT,고혈압가족력,임신성당뇨,임신성고혈압
diabetes 1,-4.739318999,-0.001077799,-0.001512143,0.007879398,0.103608048,0.194358971,-0.255706863,-0.008035787,0.235433649,0.061099136,0.008088757,-0.013515098,0.000419771,-0.002664831,0.02401908,0.010331138,0.001907327,0.001094696,-0.002132348,-0.000907984,0.000317498,-0.009150462,0.006585011,-0.000313979,,,
diabetes 2,-4.62E+00,-1.76E-03,-8.55E-04,5.27E-03,1.01E-01,1.75E-01,-1.82E-01,-2.43E-02,2.84E-01,5.62E-02,9.46E-03,3.26E-03,2.37E-03,-5.01E-03,4.07E-02,8.95E-03,8.13E-04,1.20E-03,-1.35E-03,6.12E-05,-1.66E-02,-5.07E-03,2.74E-03,4.20E-03,,,
hypertension 1,0.527547751,-0.025876904,0.02895298,-0.000359457,0.022289767,0.910743902,-1.116646866,0.02574325,-0.186090271,-0.089486437,-0.093514116,-0.00332696,0.004318537,0.012759216,-0.00617549,0.007632429,-0.001108772,0.000568286,-0.002326774,0.001768363,-0.321938037,-0.019364313,0.008034296,0.003163498,,,
hypertension 2,-1.57E-02,-2.37E-02,3.59E-02,2.01E-04,1.23E-02,1.53E+00,1.26E+01,2.73E-01,1.45E-01,8.44E-02,-3.72E-02,-3.98E-02,1.34E-02,4.78E-04,-6.79E-03,3.65E-03,-1.04E-03,4.58E-04,-3.14E-05,-9.39E-05,-4.16E-01,-8.89E-03,4.02E-03,-1.25E-03,,,
